{"posicion":{"x":54.82501983642578,"y":-5.045072078704834,"z":0.0}}