{"posicion":{"x":-2.136362075805664,"y":-2.4550294876098635,"z":0.0}}